"motif","group","count_in","count_out","odds_ratio","pval","padj"
"SSD","autoimmune",544,5,370.341660573022,0,0
"SSL","infection",453,8,173.426859257216,8.27882694044287e-260,8.82233192908295e-256
"SSP","tumor",303,7,131.025926744594,9.57233942076328e-171,6.80050900249093e-167
"SDF","autoimmune",93,19,16.412764153236,4.50697473915978e-41,8.73246841961021e-38
"SDV","autoimmune",23,5,15.3912961087332,6.00992095066839e-11,4.63809062770771e-08
"HFV","autoimmune",9,2,15.0502596257468,6.28072784494268e-05,0.016526068217193
"WAV","autoimmune",9,2,15.0502596257468,6.28072784494268e-05,0.016526068217193
"SPE","tumor",19,4,14.2558580237629,1.08867680171877e-08,5.52451635119812e-06
"LPV","infection",9,2,13.5980863413747,0.000120587673860216,0.0298847103835208
"SDQ","autoimmune",28,7,13.385661067904,1.58864386018905e-12,1.35435066368837e-09
"SPH","tumor",21,5,12.605811749842,3.82574408814459e-09,2.20373199326015e-06
"SDN","autoimmune",30,8,12.5497549019607,4.733832018584e-13,4.20384007550336e-10
"SDK","autoimmune",21,6,11.7098892482603,2.68561640278953e-09,1.58995951090704e-06
"SDR","autoimmune",34,10,11.3797097659824,4.02441541498171e-14,3.89874389725023e-11
"SLV","infection",26,7,11.2290268637626,1.21406579024236e-10,8.68764053455039e-08
"SLW","infection",63,17,11.2150521545827,7.01005438879093e-24,9.9603526125534e-21
"SLE","infection",37,10,11.1892254160363,1.39797565686805e-14,1.48975275874144e-11
"SDW","autoimmune",69,21,11.0086104138327,7.10855289605233e-27,1.08217562766831e-23
"SDH","autoimmune",34,11,10.345089673041,1.27936530815964e-13,1.18552664403506e-10
"SPC","tumor",17,5,10.203477005444,3.99474936031422e-07,0.000154800169302503
"SLK","infection",20,6,10.0756040765718,3.72405614270014e-08,1.76379574598596e-05
"SDC","autoimmune",24,8,10.0378357184865,6.99847561157193e-10,4.51995486998281e-07
"SPL","tumor",16,5,9.60298363811351,1.24207406008372e-06,0.000456419386940765
"SLI","infection",19,6,9.57153441393487,1.15809093953105e-07,5.25157280728196e-05
"SDD","autoimmune",22,8,9.20074817041293,7.42028831797244e-09,3.95371512302367e-06
"SPW","tumor",41,14,8.7942647305438,1.78194648685846e-14,1.80850597497211e-11
"SLR","infection",31,11,8.52087366892544,3.79393834777358e-11,3.11000800023455e-08
"SDG","autoimmune",27,11,8.21333915569772,4.5593607625538e-10,3.03667674788466e-07
"SDE","autoimmune",29,12,8.08703963922745,1.22286499336795e-10,8.68764053455039e-08
"SDI","autoimmune",26,11,7.90888297429924,1.41463136431132e-09,8.61429664787633e-07
"SDM","autoimmune",21,9,7.80636414126561,6.19087346176026e-08,2.86839317588036e-05
"SLP","infection",23,9,7.72509879829016,3.05462081249717e-08,1.47961666765346e-05
"SDL","autoimmune",25,11,7.60444668874662,4.34238366466842e-09,2.43550586960731e-06
"SDS","autoimmune",27,12,7.52882070385254,1.15447386316927e-09,7.23685336639022e-07
"SPN","tumor",25,10,7.5039862811757,1.04707518898945e-08,5.4430032933981e-06
"SPV","tumor",15,6,7.50203013624466,1.02316226803978e-05,0.00316038513314955
"SPT","tumor",17,7,7.28805176836575,3.07478260966532e-06,0.00104020383745709
"SLF","infection",62,26,7.21565480696441,3.28449321768201e-19,4.37515024677854e-16
"SPQ","tumor",24,10,7.20361010830323,3.00964525929611e-08,1.47961666765346e-05
"SLQ","infection",21,9,7.05292445412204,2.55259430963143e-07,0.000100747115779953
"SLG","infection",21,9,7.05292445412204,2.55259430963143e-07,0.000100747115779953
"SLL","infection",21,9,7.05292445412204,2.55259430963143e-07,0.000100747115779953
"SDP","autoimmune",21,10,7.02565911986668,1.50002977486464e-07,6.52451726361022e-05
"SDA","autoimmune",21,10,7.02565911986668,1.50002977486464e-07,6.52451726361022e-05
"SDY","autoimmune",20,10,6.69088533159096,4.447172161909e-07,0.00016925460765494
"SPY","tumor",22,10,6.60291197882195,2.40119587871208e-07,0.000100346446594099
"SLC","infection",23,11,6.32040890394385,1.81452731450979e-07,7.73460413082941e-05
"SLM","infection",21,11,5.77045908183631,1.34479666476191e-06,0.000485790700272384
"SPP","tumor",21,11,5.72956986159764,1.47721338276537e-06,0.000524232680129628
"SPM","tumor",19,10,5.7020003007971,4.89240642051153e-06,0.00160418243139019
"SPF","tumor",40,22,5.45925180045093,6.09330162697958e-11,4.63809062770771e-08
"SDT","autoimmune",21,13,5.40419484465352,1.50040789602155e-06,0.000524232680129628
"SLD","infection",17,11,4.67075899606893,6.10923568989532e-05,0.0164817899061695
"SLN","infection",16,11,4.39587554050375,0.000151246969858036,0.0362194007706103
"SLS","infection",18,13,4.1847047083371,8.48177063955208e-05,0.0217797563422619
"DDW","autoimmune",16,13,4.11680930293329,0.00018049173500535,0.041813264654011
"SLY","infection",19,15,3.82826902141042,0.000169953208290669,0.0398045354758135
"SLH","infection",20,17,3.55570419415838,0.000161191699052863,0.0381719853545963
"QCA","autoimmune",26,27,3.22163406381155,4.64048881158133e-05,0.0130135181633201
"CCA","autoimmune",143,168,2.85468630657564,6.28589405523755e-19,7.8806623528987e-16
"TCA","autoimmune",36,46,2.61862087195273,3.13671013227648e-05,0.00903414906070386
"ASS","autoimmune",544,761,2.41529394098722,5.21978242995683e-51,1.23610247699633e-47
"CAS","autoimmune",547,783,2.36010116582946,4.00878473263111e-49,8.54392290065669e-46
"ASS","infection",454,851,1.62020228310553,1.05220046796399e-15,1.24586380965091e-12
"CAS","infection",461,869,1.61115891884006,1.17173710619308e-15,1.31438068127858e-12
